{"type":"OEDeploymentPlan","hpProvided":false,"uri":null,"category":null,"eTag":null,"created":null,"modified":null,"id":"a8f2f136-c07f-4b37-9178-b9ad56b31fc1","name":"HPE_WIN2016_2019-03-15","description":"Windows Server 2016 system with HA management NICs and Proxy configuration (Gen10 Compute Module)","status":null,"state":null,"goldenImageURI":null,"oeBuildPlanURI":"HPE_WIN2016_2019-03-15","importMetadata":false,"customAttributes":[{"name":"EnableProxy","visible":false,"value":"false","description":"","type":"string","constraints":"{}","editable":true,"id":"8b4b442d-9ecd-4f67-99d3-7b00a00070ec"},{"name":"KeyboardLayout","visible":false,"value":"English (United States)","description":"","type":"option","constraints":"{\"options\":[\"English (United States)\",\"Arabic (101)\",\"Chinese (Traditional) - US Keyboard\",\"Japanese\",\"Korean\",\"United Kingdom Extended\",\"United States - Dvorak\"]}","editable":true,"id":"e45675b8-199e-4173-8433-830215a21db1"},{"name":"NIC1","visible":true,"value":"","description":"","type":"nic","constraints":"{\"ipv4static\":true,\"ipv4dhcp\":false,\"ipv4disable\":false,\"parameters\":[\"dhcp\",\"dns1\",\"dns2\",\"domain\",\"gateway\",\"ipaddress\",\"mac\",\"netmask\",\"vlanid\"]}","editable":true,"id":"b0f54457-1939-4538-adeb-8390cf31d6f1"},{"name":"ProxyServerSkipForAddresses","visible":false,"value":"none","description":"","type":"string","constraints":"{}","editable":true,"id":"7fccc63b-0748-4b53-8034-5d3ff4eb9eac"},{"name":"ProxyServerPort","visible":false,"value":"none","description":"","type":"string","constraints":"{}","editable":true,"id":"a2ec0c16-b156-4032-ac4a-c44685768ead"},{"name":"RemoteDesktop","visible":false,"value":"Allow","description":"","type":"option","constraints":"{\"options\":[\"Disallow\",\"Allow (Network Level Authentication)\",\"Allow\"]}","editable":true,"id":"09006729-a0c7-443d-99e4-9d5507a4e7dd"},{"name":"TimeZone","visible":false,"value":"GMT Standard Time","description":"","type":"option","constraints":"{\"options\":[\"GMT Standard Time\",\"Arabian Standard Time\",\"AUS Eastern Standard Time\",\"Central Standard Time\",\"China Standard Time\",\"Eastern Standard Time\",\"India Standard Time\",\"Mountain Standard Time\",\"Singapore Standard Time\",\"Tokyo Standard Time\"]}","editable":true,"id":"54d20d3c-8593-44cb-bd0e-440b1eb3073c"},{"name":"ProxyServerAddress","visible":false,"value":"none","description":"","type":"string","constraints":"{}","editable":true,"id":"d2a768e2-f0c8-4a36-9419-b888f9e77720"},{"name":"PowerPlan","visible":false,"value":"High Performance","description":"","type":"option","constraints":"{\"options\":[\"Balanced\",\"High Performance\",\"Power Saver\"]}","editable":true,"id":"98415a05-8f46-4b6e-acc9-2ef45b9ebae0"},{"name":"WindowsProductKey","visible":false,"value":"#####-#####-#####-#####-#####","description":"","type":"string","constraints":"{}","editable":true,"id":"8dd358e3-ceb2-4ee9-a547-2dac1e577ee1"},{"name":"DisplayLanguage","visible":false,"value":"English (United States)","description":"","type":"option","constraints":"{\"options\":[\"English (United States)\",\"French (France)\",\"German (Germany)\",\"Japanese (Japan)\",\"Arabic (Saudi Arabia)\",\"Chinese (PRC)\",\"Korean (Korea)\",\"Portuguese (Brazil)\",\"Russian (Russia)\"]}","editable":true,"id":"767dc7bb-73ca-4085-ae68-5b62a933aade"},{"name":"NIC2","visible":true,"value":"","description":"","type":"nic","constraints":"{\"ipv4static\":true,\"ipv4dhcp\":false,\"ipv4disable\":false,\"parameters\":[\"mac\"]}","editable":true,"id":"a74556f5-e523-45da-8ff7-eb959f6d7bd5"},{"name":"Password","visible":false,"value":"Just4m3hp","description":"Administrator Password","type":"password","constraints":"{\"maxlen\":\"20\"}","editable":true,"id":"cfa5e92e-4e61-4f4d-baaf-b833cc1a655d"}]}