{"type":"OEDeploymentPlan","hpProvided":false,"uri":null,"category":null,"eTag":null,"created":null,"modified":null,"id":"a8f2f136-c07f-4b37-9178-b9ad56b31fc1","name":"HPE_WIN2016_2019-03-15","description":"Windows Server 2016 system with HA management NICs and Proxy configuration (Gen10 Compute Module)","status":null,"state":null,"goldenImageURI":null,"oeBuildPlanURI":"HPE_WIN2016_2019-03-15","importMetadata":false,"customAttributes":[{"name":"EnableProxy","visible":false,"value":"false","description":"","type":"string","constraints":"{}","editable":true,"id":"2f571244-af3b-4e95-8fcf-a9227e9a67a0"},{"name":"KeyboardLayout","visible":false,"value":"English (United States)","description":"","type":"option","constraints":"{\"options\":[\"English (United States)\",\"Arabic (101)\",\"Chinese (Traditional) - US Keyboard\",\"Japanese\",\"Korean\",\"United Kingdom Extended\",\"United States - Dvorak\"]}","editable":true,"id":"cb6b4217-aeb4-4f51-af00-bdab400277e7"},{"name":"WindowsProductKey","visible":false,"value":"69KC4-NMRPJ-HKHV9-DWH4X-KQCG4","description":"","type":"string","constraints":"{}","editable":true,"id":"c487992c-5d26-42c4-a6d8-9ae98ff13706"},{"name":"NIC1","visible":true,"value":"","description":"","type":"nic","constraints":"{\"ipv4static\":true,\"ipv4dhcp\":false,\"ipv4disable\":false,\"parameters\":[\"dhcp\",\"dns1\",\"dns2\",\"domain\",\"gateway\",\"ipaddress\",\"mac\",\"netmask\",\"vlanid\"]}","editable":true,"id":"eed226db-677d-4b23-be5b-eddc266483ae"},{"name":"ProxyServerSkipForAddresses","visible":false,"value":"none","description":"","type":"string","constraints":"{}","editable":true,"id":"dc94c3cf-6cee-41a3-ac85-e2ba55bb5056"},{"name":"ProxyServerPort","visible":false,"value":"none","description":"","type":"string","constraints":"{}","editable":true,"id":"35fbf10d-4462-46c7-8453-a92bc9e75b2c"},{"name":"RemoteDesktop","visible":false,"value":"Allow","description":"","type":"option","constraints":"{\"options\":[\"Disallow\",\"Allow (Network Level Authentication)\",\"Allow\"]}","editable":true,"id":"a6915b14-b17a-413d-92c3-a96159cdb970"},{"name":"TimeZone","visible":false,"value":"GMT Standard Time","description":"","type":"option","constraints":"{\"options\":[\"GMT Standard Time\",\"Arabian Standard Time\",\"AUS Eastern Standard Time\",\"Central Standard Time\",\"China Standard Time\",\"Eastern Standard Time\",\"India Standard Time\",\"Mountain Standard Time\",\"Singapore Standard Time\",\"Tokyo Standard Time\"]}","editable":true,"id":"6961216d-c3ab-41b5-a6fa-6bdf77c2cfbc"},{"name":"ProxyServerAddress","visible":false,"value":"none","description":"","type":"string","constraints":"{}","editable":true,"id":"3a485bc6-ecf2-417e-9c8e-e7297c06141e"},{"name":"PowerPlan","visible":false,"value":"High Performance","description":"","type":"option","constraints":"{\"options\":[\"Balanced\",\"High Performance\",\"Power Saver\"]}","editable":true,"id":"7356c95a-b081-43b5-981c-b33ffc513b13"},{"name":"DisplayLanguage","visible":false,"value":"English (United States)","description":"","type":"option","constraints":"{\"options\":[\"English (United States)\",\"French (France)\",\"German (Germany)\",\"Japanese (Japan)\",\"Arabic (Saudi Arabia)\",\"Chinese (PRC)\",\"Korean (Korea)\",\"Portuguese (Brazil)\",\"Russian (Russia)\"]}","editable":true,"id":"3a472d24-fa6b-4f3e-91bb-e37687faf554"},{"name":"NIC2","visible":true,"value":"","description":"","type":"nic","constraints":"{\"ipv4static\":true,\"ipv4dhcp\":false,\"ipv4disable\":false,\"parameters\":[\"mac\"]}","editable":true,"id":"ce5ac8fd-f61c-4be1-b3cc-ae34458e5165"},{"name":"Password","visible":false,"value":"Just4m3hp","description":"Administrator Password","type":"password","constraints":"{\"maxlen\":\"20\"}","editable":true,"id":"379fd8d1-b50a-4c79-a0bf-2a9f292572f8"}]}