{"type":"OEDeploymentPlan","hpProvided":false,"uri":null,"category":null,"eTag":null,"created":null,"modified":null,"id":"7b6efef2-1191-478c-8dd3-0f05044f19e3","name":"AB-RedHat760_singleframe_v1.0.8","description":"Deployment plan for a single frame environment\nNo Golden image","status":null,"state":null,"goldenImageURI":null,"oeBuildPlanURI":"RHEL-SingleFrame-BP-v1.0.5","importMetadata":false,"customAttributes":[{"name":"DataDrive","visible":false,"value":"/dev/sda","description":"","type":"string","constraints":"{}","editable":true,"id":"4881c0fb-bddb-4c65-9ba8-701261c0c939"},{"name":"NewUser","visible":false,"value":"chris","description":"New user to be created on the server","type":"string","constraints":"{\"regex\":\"\",\"helpText\":\"\"}","editable":true,"id":"8e95d579-b3be-44fa-b186-7b157b98cc86"},{"name":"SSH","visible":false,"value":"Enabled","description":"SSH service to enable clients to connect via SSH protocol","type":"option","constraints":"{\"options\":[\"Enabled\",\"Disabled\"]}","editable":true,"id":"62caba3e-b112-4701-8879-f79fb7bd2a23"},{"name":"DomainName","visible":false,"value":"am2.cloudra.local","description":"Domain name for the host","type":"fqdn","constraints":"{\"helpText\":\"\"}","editable":true,"id":"f9e0c785-7662-4474-bbf2-8e780381ff50"},{"name":"DataDriveForceDelete","visible":false,"value":"Yes","description":"","type":"option","constraints":"{\"options\":[\"No\",\"Yes\"]}","editable":true,"id":"c6d61ecf-0ffa-417e-aa60-c4dc96bcfd26"},{"name":"AnsibleNIC1","visible":true,"value":"","description":"","type":"nic","constraints":"{\"ipv4static\":true,\"ipv4dhcp\":false,\"ipv4disable\":false,\"parameters\":[\"dns1\",\"dns2\",\"domain\",\"gateway\",\"ipaddress\",\"mac\",\"netmask\",\"vlanid\"]}","editable":true,"id":"107c8465-ef8c-44a0-a7e9-97662ee46494"},{"name":"NewUserPassword","visible":false,"value":"Just4m3hp","description":"User-defined password for all new users added to the server.","type":"password","constraints":"{\"maxlen\":\"20\"}","editable":true,"id":"9dd48873-1369-477d-980f-0240ceddc2b7"},{"name":"HostName","visible":true,"value":"","description":"Hostname for RHEL host. The hostname value can be defined manually or by using the tokens. This value must conform to valid hostname requirement defined by Internet standards.","type":"hostname","constraints":"{\"helpText\":\"\",\"options\":[\"\"]}","editable":true,"id":"2306ad42-a9c0-44b1-a370-22c9c4742245"},{"name":"NewRootPassword","visible":false,"value":"Just4m3hp","description":"User-defined root password for the server.","type":"password","constraints":"{\"maxlen\":\"20\"}","editable":true,"id":"5a3c6992-aa37-4029-9b08-889577bd9b9a"}]}