{"type":"OeBuildPlan","uri":null,"category":null,"eTag":null,"created":null,"modified":null,"buildPlanid":"ac9c01f2-be2a-4003-85fd-3b2abaaac2c7","name":"RHEL-SingleFrame-BP-v1.0.5","description":"Personalizes RHEL 7.X and configures Ansible NIC (c) Copyright 2017 Hewlett Packard Enterprise Development LP Licensed under the Apache License, Version 2.0 (the \"License\");...","status":null,"hpProvided":false,"oeBuildPlanType":"deploy","buildStep":[{"planScriptUri":"/rest/plan-scripts/fd3f5b7d-44d5-408e-8ca9-14233d110435","serialNumber":"1","parameters":null,"planScriptName":"RHEL-mount-and-validate-2017-12-12"},{"planScriptUri":"/rest/plan-scripts/341bfb7c-2c8c-49bb-a4a1-ed0e8306c3b4","serialNumber":"2","parameters":null,"planScriptName":"RHEL-configure-users-2018-06-27"},{"planScriptUri":"/rest/plan-scripts/ae0e0c30-22fe-4c8d-880c-7313abe78679","serialNumber":"3","parameters":null,"planScriptName":"RHEL-configure-Ansible-NICs-v1.0.1"},{"planScriptUri":"/rest/plan-scripts/80d92d8c-295e-429a-8f27-746130926bd4","serialNumber":"4","parameters":null,"planScriptName":"RHEL-configure-hostname-2017-12-12"},{"planScriptUri":"/rest/plan-scripts/37654b29-822c-4355-9514-fe2ec35ea254","serialNumber":"5","parameters":null,"planScriptName":"RHEL-manage-security-services-2017-12-12"},{"planScriptUri":"/rest/plan-scripts/e260599c-ef83-4ed5-8353-aaeb9ed67d13","serialNumber":"6","parameters":null,"planScriptName":"Erase_DataDrive-v1.0.1"},{"planScriptUri":"/rest/plan-scripts/9eabafb2-d421-4dbd-8d1c-dd6e4c89d858","serialNumber":"7","parameters":null,"planScriptName":"RHEL-unmount-2017-12-12"}],"customAttributes":[{"name":"NewUserPassword","description":"User-defined password for all new users added to the server.","value":"","constraints":"{\"maxlen\":\"20\"}","type":"password"},{"name":"DomainName","description":"Domain name for the host","value":"","constraints":"{\"helpText\":\"\"}","type":"fqdn"},{"name":"SSH","description":"SSH service to enable clients to connect via SSH protocol","value":"Enabled","constraints":"{\"options\":[\"Enabled\",\"Disabled\"]}","type":"option"},{"name":"AnsibleNIC1","description":"","value":"","constraints":"{\"ipv4static\":true,\"ipv4dhcp\":false,\"ipv4disable\":false,\"parameters\":[\"dns1\",\"dns2\",\"domain\",\"gateway\",\"ipaddress\",\"mac\",\"netmask\",\"vlanid\"]}","type":"nic"},{"name":"NewRootPassword","description":"User-defined root password for the server.","value":"","constraints":"{\"maxlen\":\"20\"}","type":"password"},{"name":"DataDriveForceDelete","description":"","value":"Yes","constraints":"{\"options\":[\"No\",\"Yes\"]}","type":"option"},{"name":"DataDrive","description":"","value":"/dev/sda","constraints":"{}","type":"string"},{"name":"HostName","description":"Hostname for RHEL host. The hostname value can be defined manually or by using the tokens. This value must conform to valid hostname requirement defined by Internet standards.","value":"","constraints":"{\"helpText\":\"\",\"options\":[\"\"]}","type":"hostname"},{"name":"NewUser","description":"New user to be created on the server","value":"","constraints":"{\"regex\":\"\",\"helpText\":\"\"}","type":"string"}],"dependentArtifacts":null}