{"type":"OEDeploymentPlan","hpProvided":false,"uri":null,"category":null,"eTag":null,"created":null,"modified":null,"id":"1b32a103-ad9a-44d7-ad7d-1bcdbb285bc0","name":"HPE_RHEL7_Docker_EE_2019_02_07_BUNDLE","description":"HPE_RHEL7_Docker_EE_2019_02_07","status":null,"state":null,"goldenImageURI":null,"oeBuildPlanURI":"HPE_RHEL7_Docker_EE_2019_02_07","importMetadata":false,"customAttributes":[{"name":"NewRootPassword","visible":false,"value":"Just4m3hp","description":"","type":"password","constraints":"{\"maxlen\":\"20\"}","editable":true,"id":"f903eb7c-7e60-4bc4-acb2-c5d45d987c6f"},{"name":"SSH","visible":false,"value":"Enabled","description":"","type":"option","constraints":"{\"options\":[\"Enabled\",\"Disabled\"]}","editable":true,"id":"b1e0b83d-11ce-4c5f-872e-92c679d37d6e"},{"name":"NewUser","visible":false,"value":"chris","description":"","type":"string","constraints":"{}","editable":true,"id":"e5b9bcfa-c9fc-47fa-914c-469942d3ec52"},{"name":"NewUserPassword","visible":false,"value":"Just4m3hp","description":"","type":"password","constraints":"{\"maxlen\":\"20\"}","editable":true,"id":"f8e149fb-aca3-435d-87a8-54c3afc9c15b"},{"name":"Team0","visible":true,"value":"","description":"","type":"nic","constraints":"{\"ipv4static\":true,\"ipv4dhcp\":false,\"ipv4disable\":false,\"parameters\":[\"dns1\",\"dns2\",\"domain\",\"gateway\",\"ipaddress1\",\"mac1\",\"mac2\",\"netmask\",\"vlanid\"],\"ipv4noteaming\":false}","editable":true,"id":"10dd5f61-b4be-408f-b01d-e0d67c88bfc9"},{"name":"Team0Name","visible":false,"value":"team0","description":"","type":"string","constraints":"{}","editable":true,"id":"779394bb-31b4-4cd6-8f41-38ab28c1d780"}]}