{"type":"OEDeploymentPlan","hpProvided":false,"uri":null,"category":null,"eTag":null,"created":null,"modified":null,"id":"0e4e22ec-67ae-48e0-bf0f-b9ccdf1a7bca","name":"HPE_RHEL7_2019_03_29","description":"Deploys Red Hat Enterprise Linux 7 and configures the ansible network","status":null,"state":null,"goldenImageURI":null,"oeBuildPlanURI":"HPE_RHEL7_2019_02_25","importMetadata":false,"customAttributes":[{"name":"NewRootPassword","visible":false,"value":"passwordyouwantforro","description":"","type":"password","constraints":"{\"maxlen\":\"20\"}","editable":true,"id":"0d5eff95-4823-438b-88c5-8ff9b1953c4b"},{"name":"SSH","visible":false,"value":"Enabled","description":"","type":"option","constraints":"{\"options\":[\"Enabled\",\"Disabled\"]}","editable":true,"id":"c663e0ff-be67-4973-ae89-b9a8da6bf052"},{"name":"NIC1","visible":true,"value":"","description":"","type":"nic","constraints":"{\"ipv4static\":true,\"ipv4dhcp\":false,\"ipv4disable\":false,\"parameters\":[\"dns1\",\"dns2\",\"domain\",\"gateway\",\"ipaddress\",\"mac\",\"netmask\",\"vlanid\"]}","editable":true,"id":"dbda4657-ea84-4aeb-858e-e893e82c4545"},{"name":"NewUser","visible":false,"value":"example_user","description":"","type":"string","constraints":"{}","editable":true,"id":"8186faff-801e-41f0-9cd6-3d79ae56e38b"},{"name":"NewUserPassword","visible":false,"value":"passwordforuser","description":"","type":"password","constraints":"{\"maxlen\":\"20\"}","editable":true,"id":"25585181-756d-4a52-93e0-1d60aff000c5"},{"name":"NIC2","visible":true,"value":"","description":"","type":"nic","constraints":"{\"ipv4static\":true,\"ipv4dhcp\":false,\"ipv4disable\":false,\"parameters\":[\"mac\"]}","editable":true,"id":"4fb2820a-bf0a-429d-b7a4-9dd22b858d60"}]}