{"type":"PlanScript","uri":null,"category":null,"eTag":null,"created":null,"modified":null,"id":"da01d0d7-e101-4427-9e29-61d7b67b6f58","name":"RHEL-manage-security-services-2017-12-12","description":"Enables or Disables the services.","status":null,"state":null,"planType":"deploy","content":"# (c) Copyright 2017 Hewlett Packard Enterprise Development LP\n#\n# Licensed under the Apache License, Version 2.0 (the \"License\");\n# you may not use this file except in compliance with the License.\n# You may obtain a copy of the License at http://www.apache.org/licenses/LICENSE-2.0\n#\n# Unless required by applicable law or agreed to in writing, software distributed\n# under the License is distributed on an \"AS IS\" BASIS, WITHOUT WARRANTIES OR\n# CONDITIONS OF ANY KIND, either express or implied. See the License for the\n# specific language governing permissions and limitations under the License.\n\n#Enable SELINUX\ndownload /etc/selinux/config ./selinux_config\nupload -<<END /temp/ImageStreamer/Enable_Selinux\n#! /bin/bash\nsed -i '/SELINUX=disabled/c\\SELINUX=enforcing' ./selinux_config\nexit 0\nEND\ndownload /temp/ImageStreamer/Enable_Selinux ./Enable_Selinux\n!source ./Enable_Selinux\n\nupload ./selinux_config /etc/selinux/config\n\n#Disable and stop firewalld service\n!echo \"systemctl disable firewalld.service\" >> ./rc.local\n!echo \"service firewalld stop\" >> rc.local\n\n#Enable or Disable SSH.\n#Enable/Disable SSH\nupload -<<END /temp/ImageStreamer/ssh_service\n#! /bin/bash\nssh=@SSH:Enabled@\nif [ $ssh == Enabled ]\nthen\necho \"systemctl enable sshd.service\" >> ./rc.local\necho \"service sshd restart\" >> ./rc.local\nelse\necho \"systemctl disable sshd.service\" >> ./rc.local\necho \"service sshd stop\" >> ./rc.local\nfi\nexit 0\nEND\ndownload /temp/ImageStreamer/ssh_service ./ssh_service\n!source ./ssh_service\n\n#\n# Change the name of the ISCSI initiator to reflect the name assigned by Oneview.\n#    The next version of Oneview will have an attribute to do the same offline\n#\nupload -<<END /temp/set_iscsi_initiator\n#! /bin/bash\niname=$(cat /sys/firmware/ibft/initiator/initiator-name)\necho InitiatorName=$iname > /etc/iscsi/initiatorname.iscsi\nunlink $0\nEND\n\n#Add script to rc.local to run at boot time.\n!echo \"sh /temp/set_iscsi_initiator\" >> ./rc.local\n!echo \"service iscsid restart\" >> ./rc.local\n!echo \"sleep 2\" >> ./rc.local","customAttributes":null,"hpProvided":true,"dependentArtifacts":null}