{"type":"PlanScript","uri":null,"category":null,"eTag":null,"created":null,"modified":null,"id":"27bfe3d7-abd7-40d2-9e32-c0c62b27aa2c","name":"RHEL-configure-management-NIC-teaming-2019-02-25","description":"configures management NIC teaming","status":null,"state":null,"planType":"deploy","content":"# (c) Copyright 2017 Hewlett Packard Enterprise Development LP\n#\n# Licensed under the Apache License, Version 2.0 (the \"License\");\n# you may not use this file except in compliance with the License.\n# You may obtain a copy of the License at http://www.apache.org/licenses/LICENSE-2.0\n#\n# Unless required by applicable law or agreed to in writing, software distributed\n# under the License is distributed on an \"AS IS\" BASIS, WITHOUT WARRANTIES OR\n# CONDITIONS OF ANY KIND, either express or implied. See the License for the\n# specific language governing permissions and limitations under the License.\n\n#Child script for NIC Teaming.\nupload -<<END /temp/NIC-teaming\n#! /bin/bash\nteam_name=$1\nnet1_mac=$2\nnet2_mac=$3\nvlan=$4\nnet1_ip=$5\nnet1_gw=$6\ndomain=$7\ndns1=$8\ndns2=$9\nnetmask=${10}\n\nmask2cidr() {\n    nbits=0\n    IFS=.\n    for dec in $1 ; do\n        case $dec in\n            255) let nbits+=8;;\n            254) let nbits+=7;;\n            252) let nbits+=6;;\n            248) let nbits+=5;;\n            240) let nbits+=4;;\n            224) let nbits+=3;;\n            192) let nbits+=2;;\n            128) let nbits+=1;;\n            0);;\n            *) echo \"Error: $dec is not recognised\"; exit 1\n        esac\n    done\n    echo \"$nbits\"\n}\n\n\n#Check the maching interface names for mac addresses.\nif [ -f /temp/int-back ]\nthen\n    nic1=$(cat /temp/int-back | grep -i $net1_mac | awk '{ print $1 }')\n    nic2=$(cat /temp/int-back | grep -i $net2_mac | awk '{ print $1 }')\nelse\n    interfaces=`ls /sys/class/net/`\n    for iface in $interfaces\n    do\n        mac=`cat /sys/class/net/$iface/address`\n        echo \"$iface  $mac\" >> /temp/int-back\n        if [ ${mac,,} == ${net1_mac,,} ]\n        then\n            nic1=$iface\n        elif [ ${mac,,} == ${net2_mac,,} ]\n        then\n            nic2=$iface\n        fi\n    done\nfi\n    \n#Add $team_name connection.\n\nport1=$(nmcli con | grep $nic1 |  awk '{ print $1 }')\nport2=$(nmcli con | grep $nic2 |  awk '{ print $1 }')\nif [ -z $port1 ] && [ -z $port2 ]\nthen\n    nmcli connection add type team con-name $team_name ifname $team_name config '{\"runner\": {\"name\": \"activebackup\"}, \"link_watch\": {\"name\": \"ethtool\"}}'\n    nmcli connection add type team-slave con-name $team_name-port1 ifname $nic1 master $team_name\n    nmcli connection add type team-slave con-name $team_name-port2 ifname $nic2 master $team_name\nelse\n    team_name=$(echo $port1 | cut -f1 -d-)\n    echo \"using team_name: $team_name\"\nfi\n\nif [[ -z $net1_ip ]]\nthen\n    echo \"Configure $team_name for DHCP\"\n    if [ $vlan -ne 0 ]\n    then\n        echo \"Configure $team_name for DHCP with vlan tag $vlan\"\n        nmcli connection add type vlan con-name $team_name-vlan$vlan ifname $team_name.$vlan id $vlan dev $team_name\n    fi\nelse\n    if [ $vlan -ne 0 ]\n    then\n        echo \"Configure $team_name for static with vlan tag $vlan.\"\n        #  nmcli connection modify $team_name ipv6.method ignore\n        nmcli connection add type vlan con-name $team_name-vlan$vlan ifname $team_name.$vlan id $vlan dev $team_name ip4 $net1_ip/$(mask2cidr $netmask) gw4 $net1_gw ipv4.dns \"$dns1,$dns2\" ipv4.dns-search $domain\n    else\n        echo \"Configure $team_name for static\"\n        nmcli connection modify $team_name ipv4.addresses $net1_ip/$(mask2cidr $netmask) ipv4.gateway $net1_gw ipv4.method manual ipv4.dns \"$dns1,$dns2\" ipv4.dns-search $domain\n    fi \ncat <<CONF>/etc/resolv.conf \n# Generated by Image Streamer\nsearch $domain\nnameserver $dns1\nnameserver $dns2\nCONF\nfi\n\nnmcli connection up $team_name\n\nexit 0\nEND\n\n\n#Parent script for NIC Teaming.\nupload -<<END /temp/ImageStreamer/teaming-configuration\n#! /bin/bash\nteam0=\"team0\"\necho \"echo $team0 > /temp/interface_names\" >> ./rc.local\nif [[ \"@NIC1.ipaddress@\" =~ [0-9]*\\.[0-9]*\\.[0-9]*\\.[0-9]* ]]\nthen\n    echo \"sh /temp/NIC-teaming $team0 @NIC1.mac@ @NIC2.mac@ @NIC1.vlanid@ @NIC1.ipaddress@ @NIC1.gateway@ @NIC1.domain@ @NIC1.dns1@ @NIC1.dns2@ @NIC1.netmask@ \" >> ./rc.local\nelse\n    echo \"sh /temp/NIC-teaming $team0 @NIC1.mac@ @NIC2.mac@ @NIC1.vlanid@\" >> ./rc.local\nfi\n\necho \"rm -rf /temp/NIC-teaming\" >> ./rc.local\necho \"rm -rf /temp/int-back\" >> ./rc.local\n\nEND\n\ndownload /temp/ImageStreamer/teaming-configuration ./teaming-configuration\n!source ./teaming-configuration","customAttributes":null,"hpProvided":false,"dependentArtifacts":null}