{"type":"OEDeploymentPlan","hpProvided":false,"uri":null,"category":null,"eTag":null,"created":null,"modified":null,"id":"5dd09c84-0843-4646-8dab-91666a67f14b","name":"HPE_RHEL7_2019_02_25_BUNDLE","description":"Deploys Red Hat Enterprise Linux 7 and configures the ansible network","status":null,"state":null,"goldenImageURI":null,"oeBuildPlanURI":"HPE_RHEL7_2019_02_25","importMetadata":false,"customAttributes":[{"name":"NewRootPassword","visible":false,"value":"Just4m3hp","description":"","type":"password","constraints":"{\"maxlen\":\"20\"}","editable":true,"id":"22f581b8-19f2-4e5e-923d-b35547fb924b"},{"name":"SSH","visible":false,"value":"Enabled","description":"","type":"option","constraints":"{\"options\":[\"Enabled\",\"Disabled\"]}","editable":true,"id":"7de36367-3330-44e6-ad7e-8e9bd2bd0d26"},{"name":"NIC1","visible":true,"value":"","description":"","type":"nic","constraints":"{\"ipv4static\":true,\"ipv4dhcp\":false,\"ipv4disable\":false,\"parameters\":[\"dns1\",\"dns2\",\"domain\",\"gateway\",\"ipaddress\",\"mac\",\"netmask\",\"vlanid\"]}","editable":true,"id":"aed41c26-ed47-4b17-a2bd-1f687e6edd31"},{"name":"NewUser","visible":false,"value":"chris","description":"","type":"string","constraints":"{}","editable":true,"id":"d84739bb-f14a-4011-ba0d-cc96f3496f28"},{"name":"NewUserPassword","visible":false,"value":"Just4m3hp","description":"","type":"password","constraints":"{\"maxlen\":\"20\"}","editable":true,"id":"e8890479-ecdc-4f60-9028-f028bd05b042"},{"name":"NIC2","visible":true,"value":"","description":"","type":"nic","constraints":"{\"ipv4static\":true,\"ipv4dhcp\":false,\"ipv4disable\":false,\"parameters\":[\"mac\"]}","editable":true,"id":"103681d4-0921-40d9-a964-49aa43109a55"}]}